Port,Containers,Capacity390,1.08,1.08391,1.08,1.08392,1.08,1.08389,1.75,1.75388,2.00,2.00386,2.16,2.16385,2.33,2.33384,3.00,3.00383,3.50,3.50382,3.56,3.56379,5.00,5.00380,5.00,5.00378,5.40,5.40377,5.54,5.54376,6.13,6.13375,8.64,8.64374,8.75,8.75373,9.75,9.75372,10.15,10.15371,11.48,11.48370,13.00,13.00369,14.00,14.00368,15.12,15.12367,15.29,15.29366,15.75,15.75365,18.67,18.67364,22.54,22.54363,22.94,22.94360,23.82,23.82359,25.00,25.00358,27.26,27.26357,28.12,28.12356,28.55,28.55354,29.01,29.01355,29.76,29.76353,32.75,32.75325,152.67,189.00351,40.27,40.27349,42.06,42.06348,46.06,46.06347,50.58,50.58346,51.00,51.00345,53.39,53.39344,53.77,53.77343,53.82,53.82342,57.64,57.64340,66.00,66.00339,66.94,66.94338,76.84,76.84337,82.99,82.99336,89.73,89.73333,103.40,103.40332,114.09,114.09329,131.61,131.61328,136.00,136.00327,138.58,138.58324,162.95,162.95319,175.00,175.00322,175.84,175.84321,175.94,175.94320,180.00,180.00297,183.74,183.74318,187.75,187.75350,189.00,189.00317,195.33,195.33315,220.45,220.45341,222.78,222.78314,230.01,230.01313,239.21,239.21312,245.01,245.01311,245.45,245.45310,252.26,252.26309,261.65,261.65308,261.97,261.97307,275.71,275.71305,289.02,289.02303,335.25,335.25302,336.47,336.47301,367.04,367.04300,370.42,370.42296,418.00,418.00295,424.76,424.76294,428.83,428.83298,429.65,429.65293,450.82,450.82291,456.40,456.40290,461.92,461.92138,11319.08,11319.08289,485.00,485.00288,504.70,504.70285,540.01,540.01283,556.33,556.33282,559.94,559.94281,567.34,567.34279,582.29,582.29278,583.99,583.99277,586.89,586.89275,623.68,623.68274,662.87,662.87273,698.14,698.14272,718.64,718.64361,24.00,720.00271,726.58,726.58270,739.00,739.00269,739.75,739.75268,752.26,752.26267,755.99,755.99266,756.30,756.30265,760.71,760.71264,777.15,777.15261,835.51,835.51260,904.26,904.26259,907.75,907.75257,917.42,917.42256,946.32,946.32255,961.74,961.74254,969.11,969.11362,973.82,973.82253,996.36,996.36262,817.94,1000.00252,1023.56,1023.56251,1090.03,1090.03286,520.19,1148.90381,4.00,1149.00250,1166.77,1166.77249,1168.40,1168.40247,1356.39,1356.39246,1408.97,1408.97352,37.00,1446.00243,1483.17,1483.17242,1503.60,1503.60241,1514.11,1514.11240,1549.65,1549.65238,1606.01,1606.01237,1619.55,1619.55236,1622.88,1622.88235,1690.46,1690.46233,1734.33,1734.33231,1865.09,1865.09230,1871.61,1871.61229,1897.46,1897.46227,2095.85,2095.85224,2302.84,2302.84223,2389.58,2389.58222,2392.20,2392.20220,2458.25,2458.25219,2509.09,2509.09218,2514.35,2514.35280,582.00,2546.00331,115.00,2546.00216,2639.41,2639.41215,2651.03,2651.03316,202.00,2817.00211,2934.44,2934.44234,1702.00,3000.00299,373.00,3060.00330,118.00,3209.00209,3217.27,3217.27208,3309.87,3309.87205,3607.26,3607.26206,3408.00,4359.00326,147.00,4637.00225,1313.00,4678.00176,4861.36,4861.36175,4872.01,4872.0187,29463.88,29463.88137,11330.16,11330.1694,26665.13,26665.13207,3398.00,5067.00173,5223.28,5223.28172,5244.52,5244.52258,910.00,5283.00168,5763.88,5763.88129,12942.92,12942.92167,5976.63,5976.63387,2296.00,6021.00163,6113.44,6113.44226,2142.00,6680.00107,20393.15,20393.15161,6789.65,6789.65162,6878.14,6878.14158,6914.23,6914.23228,2016.00,7500.00153,7640.64,7640.64232,1743.00,7747.00284,547.00,7842.00306,278.00,7981.00276,618.74,8000.00150,8013.87,8013.87149,8572.21,8572.21148,8597.87,8597.87248,1192.00,8651.00147,8700.01,8700.01115,18746.84,18746.84202,3969.85,9275.60144,9504.25,9504.25102,23439.71,23439.71142,9894.01,9894.01177,4322.89,10000.00141,10033.93,10033.9362,45419.04,45419.04245,1470.00,10601.00134,12251.91,12251.91128,13418.00,13418.0085,31159.63,31159.63157,6992.82,13845.90292,454.55,14000.00171,5265.10,14888.00122,14933.90,14933.90121,15664.77,15664.77304,36.00,15923.00146,9103.00,16003.40204,3773.29,17280.00119,17499.66,17499.66117,18238.46,18238.46132,12815.28,17845.20164,6077.01,17928.80151,7947.32,18000.0064,44253.84,44253.8479,35716.32,35716.32335,92.00,20195.00323,166.00,20848.00127,13420.50,21448.30131,12823.36,22000.00201,4213.00,22186.00213,2803.00,22689.00114,19167.18,22817.30106,22888.64,22888.64103,23342.22,23342.22212,2836.36,23400.00100,24597.12,24597.12203,3891.02,25640.00334,100.00,26000.0091,28377.90,28377.90108,20293.73,28350.00221,2395.90,28700.00287,520.01,28805.0088,29426.51,29426.51244,1475.00,29897.00210,3202.06,30000.0081,34492.74,34492.7444,76963.48,76963.4880,35213.29,35213.29214,2760.80,36710.0075,37851.30,37851.30120,15968.86,38268.1095,26491.57,38920.90217,2586.00,39817.00239,1565.07,40000.0089,29396.01,41764.20123,14536.44,41835.9032,111032.52,111032.52159,6825.90,43824.40263,800.00,44155.0086,30741.19,45617.6060,47857.94,47857.94112,19630.67,50000.00133,12493.18,50000.0059,48223.75,50385.2031,114358.32,114358.32174,5091.60,53000.0097,26677.82,53651.8055,53700.27,53700.2754,55377.02,58805.3084,32011.41,59335.90199,1815.05,60000.00200,1343.35,60000.00145,9318.81,61200.00198,2291.30,61716.9022,160698.95,160698.95110,19691.28,64736.9096,26313.93,66713.5093,27712.88,70836.50126,13478.46,72282.60101,23990.71,72678.5053,65592.32,74802.90196,3228.01,75000.00197,1581.96,75000.0035,94453.36,94453.36195,1488.04,76088.30139,11024.91,76612.70136,11468.50,76700.00194,3348.75,77314.10193,269.74,78234.60125,13859.14,81129.70192,1756.77,81278.3098,25509.21,82159.1090,29091.08,82693.50116,18678.08,84359.00160,6806.06,84485.6063,44378.83,85110.0042,84120.56,90254.20191,3677.79,91153.3065,43782.81,92684.40118,18073.09,93161.30143,9885.06,98375.60190,1169.26,99460.1050,73168.80,100000.0078,35945.19,100000.00189,2954.63,100000.0092,27850.49,105874.7073,39557.91,106200.0047,74777.82,107747.8034,98841.37,110626.70188,4027.12,116030.0039,85320.54,119600.0052,67015.79,121200.0099,24788.62,121318.70152,7662.86,125000.00187,2699.92,126600.0020,161890.26,161890.2671,40046.55,133000.00111,19644.89,140000.0058,48774.12,140076.00156,7423.96,140603.0023,159218.08,159218.08104,23472.48,148400.00186,256.06,151400.00185,585.59,152000.00184,2061.04,153600.00166,5895.26,155200.00183,4150.68,159100.00140,10197.30,160712.2027,121725.02,162138.1036,93767.90,162900.00182,280.08,165500.0038,87532.32,166200.0030,117377.64,180000.00181,3667.53,184017.30113,19181.58,189400.0048,73370.08,199200.0076,37075.66,200000.00130,12905.22,215300.00170,5466.31,216100.0028,121275.09,217300.0070,40376.39,223700.0082,32332.56,224700.0068,40856.65,231800.00155,7496.97,236100.0074,38368.76,236874.1057,50249.87,237500.0043,82306.64,238554.2021,162261.90,255400.0051,67779.93,255400.00165,5998.62,256410.2029,120992.68,262800.0083,32084.24,266400.0024,155655.94,274000.0046,75710.25,277500.00180,10.02,286900.00179,3397.40,291290.0069,40382.95,294300.00109,19999.61,303000.00124,13922.20,303600.0072,40006.71,306200.00169,5625.09,323635.50154,7827.09,335400.0077,36861.47,344500.0037,91064.77,367300.0056,50353.62,368000.0026,128117.04,368500.0066,43015.33,409700.00135,11632.86,420000.00178,771.24,425600.0041,84124.66,444200.0040,85234.41,445700.0014,313085.27,447000.0012,328967.80,449600.0019,202283.92,491700.00105,23111.28,500500.0025,130289.18,503400.009,502075.16,579600.005,781320.33,781320.3310,395626.83,651800.0018,211250.22,789700.007,591282.81,857200.0013,316058.29,913600.0017,216309.06,972900.0045,76315.59,1012800.008,535276.13,1059300.0067,42664.41,1073600.0016,258755.89,1245300.0015,301140.07,1405000.0061,46274.53,1475000.0049,73360.96,1616000.004,830008.23,1662400.006,730615.34,1842300.003,1274043.38,1945000.0011,346447.40,2237400.002,2997473.90,2997473.9033,99695.12,3386900.001,3152176.46,3528600.00